0,NaN,
1,1714930265,obiQ5Ioslkw
17,1714930240,
33,1714930260,
49,1715222815,JDWnmFtCW-g
81,1715050268,Q3qWICOH7eM
113,1715309451,6juF9lNu9Tc
257,1714930265,
289,1715050255,
321,1715050224,
337,1715050252,Q3qWICOH7eM,fEfUJZOtItc
353,1715050251,
385,1715050278,TrvSIduFdwo,Y-7OHWPt4kU
513,1715395335,E4FWqdMrs78
529,1715309436,2uouo6ssvRk
545,1715050270,
577,1715050264,BpjxHP8zxgo
593,1714877024,w6Z0UljffHs
609,1715050266,M1dr2O8IXzQ
625,1715395376,WW0dplwXJts
641,1715135537,8YQv49vrjA0
769,1715050239,
785,1715050249,
801,1714877029,h8S5kg8109E
817,1715222816,qfSKLOm5MkE
849,1714930280,ZOtaHow7rNg
865,1715050267,
881,1715309447,
897,1715222804,_lWUE4Vm-Rs
1025,1715050259,
1041,1714930240,
1057,1714930260,
1073,1715309422,Vqms3QeuqAE
1089,1714930272,dXzhKHWtac4
1105,1715395380,
1121,1715309445,2n6aq2ZRGAI
1137,1715309452,74luOzmzn5s
1153,1715309427,
1297,1715309436,
1313,1714877029,
1329,1715050262,
1361,1714877025,4Mlr17ZHxwg
1377,1714930247,O4r1idTHV6Q
1393,1715309448,B0PxwDvjyqA
1409,1715395353,
1537,1714930286,
1553,1715395362,dstx8eku3bU
1569,1715395325,X6khNUkudqo
1585,1715222817,kYVDNywK2OQ
1601,1715050247,
1617,1714930258,
1633,1714930278,2n6aq2ZRGAI
1649,1715309448,4yl_QF3iaPQ
1665,1714930271,
1809,1714930274,
1825,1715050271,
1841,1715135532,ytXD6DSAroc
1857,1715135544,ou8tOL7bieE
1889,1715395373,Wu3FN1sd8gI
1905,1715222854,oHzfXjkYgic
1921,1714930237,VYeTSo3NOqY
2049,1714930287,
2065,1715050265,
2097,1715135533,fzcPs9428Uo
2129,1714930254,
2145,1715050233,
2161,1715309449,0xaqNRu0oj4
2177,1714930291,
2305,1715395335,OFBuJ0j99qk
2321,1715395363,XzC7UZbzgfs
2353,1715050262,
2369,1715050225,
2385,1715050235,rV-zL9Q5VoE
2401,1715050233,
2433,1715050247,
2561,1714930226,nXL3o4dVMsQ
2577,1714930241,XzC7UZbzgfs
2593,1715135564,W1hO9vY0Maw
2609,1715395345,
2625,1715395348,MDayyg8eFFQ
2657,1715222850,aJrbtk7GT7I
2689,1715050263,JyphHEBbTUA
2817,1714930227,aIWNWnBH5i8
2849,1715309390,obiQ5Ioslkw
2865,1715222817,XGc1ojCErsk
2881,1714930272,
2897,1714930255,4Mlr17ZHxwg
2913,1714930278,
2945,1715222805,gSaM15hZLU8,_vJt6O0i1Lc
3073,1715050240,
3089,1715050266,
3105,1714930283,
3121,1714930270,
3137,1715222824,xlx5tj_XGUw
3153,1715395321,DXaEhs8S6qY
3201,1715135538,zuPE1jw30Jo,OQbC9UqfZe4
3329,1715050272,
3345,1715050226,
3361,1714930261,
3377,1715309423,ACRItXtREtE
3425,1715135555,lywd1K4X3rU
3457,1715222806,VVjS-M2H5z8
3585,1714930228,p63RODp5o3k
3601,1715050250,FEjgkYRiRAg
3633,1715309424,m66jMT9MwSg
3649,1715050285,ou8tOL7bieE
3681,1715135509,BBIQGKzGnGk,nxZAhZbWdRU
3697,1715309450,BcEK8_8X578
3713,1715395354,tvN7ByTyv2U
3857,1715309437,-lbNUMk_Vl0
3873,1715395326,JYo9Ghzsv68
3889,1715222818,VucLak4_Yc8,XHKPvR9tShQ
3905,1715135543,qkNbneuAMes
3921,1715222858,9mFfnIZdS4c
3937,1715135510,70KWBwNPjy4
3953,1715135557,_MvvkMzU2p8,PDFdLsmco7Q
3969,1715309428,vgB8ghMe4QA
4113,1715309438,FMBVecp_zrQ
4145,1715050272,PPIlTbG6CWM,GE-pLBCkBGE
4193,1715135556,_a6EdQshQGc
4209,1715050268,
4225,1715135539,z5SRcdBLwxA
4353,1715309406,W1om2YvNc4o,Lbw7pXarV_I
4369,1715050227,
4385,1715309391,HvLlZ5qG34U
4401,1714930290,
4417,1715050287,xpl98qYQZh8,WiC62Nzv5EQ
4433,1715135559,sXzGd7Y_5UQ,coTxH9cv8Lc
4449,1715309445,
4465,1715309452,Iefwguu092c
4481,1715050279,2DeIF5KcxSg
4609,1715050273,1mS0ulSXTOM
4657,1714930234,nXL3o4dVMsQ
4689,1714877020,4Mlr17ZHxwg
4705,1715395374,
4721,1715309453,n81kyWyp3S0
4737,1715222806,ldb6dzK94ZA
4881,1715050227,
4897,1715050237,TqCk3Z8Y5yw
4913,1715395343,ACRItXtREtE
4929,1715222825,yVnOwllWCKM
4945,1714930280,
4961,1715222851,_a6EdQshQGc
4977,1714930250,
4993,1715395355,uI0UCJlfP5g
5121,1715050260,E4FWqdMrs78
5137,1715222833,Jy3QwoCz-X8
5153,1715050237,
5169,1715395344,nXL3o4dVMsQ
5185,1715309433,eUbHU3ThqaQ
5201,1715050253,
5217,1715309446,Wu3FN1sd8gI
5233,1715309453,iILbCLG2mic
5249,1715395355,rRxl4bBILLg
5377,1715309407,D9IeLkZRPR0
5393,1714930242,SfmonETf5NM
5409,1714930284,
5425,1715050274,OtmLaRWU2TI,mz_RcaXbiFU
5441,1715135544,NmaXN5h83sg
5457,1715395322,j9akYgzy_nY
5473,1714930250,djbnqf76Ui8
5489,1714930251,cZ3Q5v1EPlo
5505,1715050279,I2ZkOGHXmI8
5665,1715050256,Q3qWICOH7eM
5681,1715050274,UBPtaTjWp1Y,Gt8bfZzXXsE
5713,1715135560,N8MlGkwQSqI
5729,1715395375,BQCQ3ZrX0t4
5745,1715395377,
5761,1715135539,PzfXJlt3Qd4,c03cWDgswcQ
5889,1715395336,-Mmr_f24f2A
5921,1715309392,CFJxXz0vYXI
5937,1715222819,kzQL-77PGzg
5953,1715050248,
5969,1715222858,A0MK0sZJJyw
5985,1715309446,BQCQ3ZrX0t4
6001,1715309454,
6017,1715222807,6lfBV9Kh1SY
6145,1715135525,WBATdeDQVB4,Z6PrizVUc2A
6161,1714930274,Zg8YyOsMpWI
6177,1715050256,
6193,1715222820,12ltynEiNZc
6209,1715050285,ROzwQPUwjm0,bXy8w-VZWhU
6225,1715135511,Rl4nTgbhNxQ
6241,1715222852,bv71TXVoylA
6257,1715309455,LcIUyAL6UMQ
6273,1715309428,ez6VGKn2Cfc
6401,1715050241,
6417,1714930242,
6433,1715050238,
6449,1715050275,1HyQguUhsas,BpjxHP8zxgo
6465,1715395349,C7OVnP1epT0
6481,1714930281,M1dr2O8IXzQ
6497,1715135556,ezFGScLXgVc
6529,1715395356,FdCi8YW_d_Y
6657,1715395336,W1om2YvNc4o
6673,1715050228,
6689,1715395331,2l_FA_W91gY
6705,1715050246,
6721,1714930235,
6753,1715135510,wZvd7fCx2R4
6785,1715222808,kzbzHhvu4r4,FofcYlz1go8
6913,1714930288,
6929,1715050288,GaDLUnuHALA
6945,1714930262,
6961,1715222821,GzkeBsKzZTI
6977,1715309434,vDAP4_bN5j4
6993,1715050269,
7009,1715222852,oR64mkKM_Dw
7025,1715395314,MXqsGLgXcCI
7041,1715395356,
7169,1715135525,XiDzRYzd3no
7185,1715395364,
7201,1714877030,
7217,1715222821,GlHcn5PYibk
7249,1715135512,KfR9n6F9JYY,PbxlqWFiR6E
7265,1715395376,
7281,1715395315,0f_8LAT6Eew
7297,1715050280,kkBaI4HRYuU
7425,1715309408,kyd9g5cmhTM
7441,1715135547,m9rDqZ8gwak
7473,1715309425,
7505,1715050235,
7521,1715222853,
7537,1714930252,RYrcmGGj66Y
7553,1715135540,XgBcWOjIxFQ
7697,1715222834,uDHMfx5zMlE
7713,1714930284,
7729,1715395345,SVu5k29qqXc
7745,1715050249,
7761,1715050253,
7793,1715395316,w0W5xGvV0zM
7809,1715222808,nIFLxILhJPE
7937,1715135570,rm4NVVbkAGU
7953,1715135548,bisASSr7_bM
7985,1715222822,SF4mAt7q_c4
8001,1715222828,0Ue0KFHa6EM
8017,1715050236,
8049,1714930252,
8065,1715395357,FgrLgQSS70Q
8193,1715135571,ivkpn4KkmkI
8209,1714930275,
8225,1715309392,nLEabEfz0Iw
8241,1715135534,q8L0u-ZDkkk
8257,1715050225,O942vYzM5f0
8273,1715050254,
8305,1715395316,jVZOIUvdr14
8321,1715309429,Oi0rdXEy36U
8465,1715222834,
8497,1715050276,v-t301StxJs
8513,1715050287,WXFOEz8onvQ,cOb-PvjwLGo
8529,1715222859,HL2FQhBzvzU
8561,1715395378,YX9DnRYH7UE
8577,1715222809,ewrP6hk1l9Q
8737,1715135565,8JFMah_aBdY
8753,1715309426,HUDP69EPneI
8785,1714930256,C3N6-qpIJRM
8817,1714930253,
8833,1715395358,tKPFXPWTuLg
8961,1715395337,m6W2hixkcls
8993,1715135565,DTuOm9iw-Nc
9009,1715395346,
9041,1714930282,
9073,1715222854,tywuMc1ox1Q,K9irvKZHLA8
9089,1715222810,6ELEV1bAnKQ,3ZOraA2EIwg
9217,1715309408,UkE6mvQTbMw
9249,1715395327,aIIO_SX9ioM
9297,1715135512,zs1n0YqOhtk
9329,1715395378,
9345,1715309429,qlNiTK-JN3M
9489,1715050289,VEjkYHeQ_10
9505,1715135566,-9Ke99aYyv4
9521,1715222823,vwQMiy3HrnA,VSv5l0wGvmQ
9553,1714877021,8nyUmsWakX8
9601,1715309430,zuTxU6gAibM
9745,1715135548,YQcEbcpdtdk
9761,1714877030,
9777,1715135534,vLArg5Efb2c,RVpshezpqc0
9793,1714930273,
9809,1714877022,E_QyoZDNg24
9841,1715395379,jA6pY9-_BtE
9857,1715309431,kazBFGf-Drg
9985,1715309409,Cik4RiOZaKE
10001,1715395364,tAeOdq7qXcU
10017,1714877031,8eFjtwt2dbQ
10033,1715135535,5xk1un0aAjY,XHKPvR9tShQ
10049,1714930236,jYWRzvtObjc
10065,1715395323,XiDzRYzd3no
10097,1714930254,IpWARpHpU2E
10113,1715050281,wswefqqbsjE,yM1LNMnkios
10241,1715395338,WQwFcjEtKOQ
10257,1715135549,UKMUTvtNYcw
10273,1714930285,
10289,1715050276,2ssQzDH65Nw,s1RSfkel9z0
10353,1715395317,Vi_VGOvLicU
10369,1715050281,inFefevWBv0,7vpG5kRX5jc
10497,1714930228,3OovPmQQHZY
10513,1715222835,cjlieP7vUWs
10529,1714930262,
10545,1715395347,uhvU3mjj5Ao
10609,1715395318,uhsFejV-lbo
10625,1715135541,ZJJvD7O4J78
10753,1715135571,k0wEzqPHO70
10769,1715309438,S8oA6ORQ8XA
10785,1715135516,RPijK7_bZcM,VWdxRhBvKxE
10801,1715395347,
10817,1715309434,DgOLaa6C2VQ
10865,1715222855,
10881,1715222810,PveT5hx2_C4
11009,1715309410,Gduz6lXrejs
11025,1715309439,xBonxPFX6gU
11041,1715395327,YthNmH02Vao
11057,1715050277,nXKn5WAeZhI
11073,1715135543,EPmtLf6oAHw
11121,1715135558,287q5THTItc,JO7HLtgwu3c
11137,1715309431,gEvLiFywIKk
11265,1714930229,v2aRsrm-ylY
11281,1715135551,FvSO8si8O70,ucHHzq19Fe0
11297,1715309393,0WIUIFqknNc
11377,1715395318,CjTUDEud-ow
11393,1715395358,
11521,1715135572,8nyUmsWakX8
11537,1715222836,qEtzdgSl6Mc
11553,1714877032,1SEFeeYo6Yg
11569,1715135536,Fdfw45f1Sjk
11585,1715395349,DgOLaa6C2VQ
11633,1715395319,GDrUdCKvQCE
11649,1714930238,
11777,1714930266,G5cymj2qU9g
11793,1715395365,2sGS0q2HUxQ
11809,1715395328,iDtOl2aH35g
11825,1715050277,_sCdkWYD20E,nL6NasGtmMs
11889,1715222855,CjTUDEud-ow
11905,1715395359,
12033,1715222801,FIJOl34j_Wg
12049,1715050289,FEjgkYRiRAg
12065,1715309397,_9YBxBcUM-Y
12081,1715135537,Fdfw45f1Sjk
12097,1715222825,eLcWy2AfbpM
12145,1715135558,50DL1-PmEwQ
12161,1715050282,G2OPMkbDs1Y,BK2xGJl3bCk
12305,1715135505,RYpBHVnd_iU,TqCk3Z8Y5yw
12321,1714930286,
12337,1715309426,Fdfw45f1Sjk
12417,1715222811,AO26nMMWEMc
12545,1715222802,eG_Om8WHbyk,9jzraZiZ_Lg
12593,1715222823,spXz7pea-LY
12657,1715222856,h9E5HbgvhbM
12673,1715222812,qzkRw-F3Ypo
12913,1715222857,-YzVlzv8hqY
12929,1715135541,X6H02I6iN2Q
13073,1715050229,
13089,1715135517,G9eiLrufyow,3LHvtB48HbQ
13185,1715050283,1tVDfA6GJUg,cBkbG9FCyes
13329,1714930276,
13345,1715309394,1mS0ulSXTOM
13441,1715395360,
13569,1715135526,lsu6ZubQ_D0,KMt540M8hMs
13697,1715222812,X6H02I6iN2Q
13825,1715135526,Zh6wJjSe1Mg,Q3qWICOH7eM
13841,1715222836,0iuV0mVlZoc
13857,1715135518,EV18cqGuAsA,5LeRKiGjoxI
13889,1715050286,EPmtLf6oAHw,Gm10FN_4ovE
13953,1715309432,1tVDfA6GJUg
14097,1715395366,
14113,1715135519,ryY8e7CIhgo,1kFPaun6BVY
14145,1714930236,
14193,1715395320,U_HKMtc_YzA
14209,1715395360,
14337,1715135527,CqR4Diqpcf8
14449,1715222857,6OriVZMfN0M
14465,1714930239,
14609,1715135506,SfmonETf5NM
14625,1715309395,_FOKTnYmbtQ
14705,1715135559,DpSDwxH_Zt0
14721,1715222813,u3xb6Odt810
14865,1715135550,YrpyBiRcMDs,CxTRGgMBjYQ
14881,1715135519,p9kzAsXnrrM,BilfMNRmBuY
14961,1715395320,p0UdLZSwky8,Eok0kbdt_iw
14977,1715050283,hXHJRmakPr4,qVNEEl3j8XY
15137,1714877032,
15233,1715135542,hXHJRmakPr4
15393,1715135567,RE5TrUcEGZc
15441,1715222860,ilrgbZf4IdY,zNgCVN6lQCg
15489,1715222813,uIR0I3S0GGo
15617,1715135528,FZZPE8DwPRI,zJ8Jsmn0ftc
15649,1715395328,5I-UcT_L_MM
15697,1715135513,1X0hn-U3dpQ,zNgCVN6lQCg
15745,1715309432,hXHJRmakPr4
15889,1715395366,
15905,1715135520,vsUZyQULFAA,1kFPaun6BVY
15937,1715050264,
15953,1715395324,MrqHM_mtU3s
16001,1715395361,hXHJRmakPr4
16145,1714930243,
16193,1715222828,w6Z0UljffHs
16257,1715395362,fNIFR2zYdyY
16401,1715135550,fZJMWsWeLxU
16449,1715309435,bLQHrbGBFZ0
16513,1715222814,_gH0FXdt5qI
16641,1714930230,Ijqbha-etZ8
16657,1715222837,RcHGgp3yOL8
16673,1714877033,5I-UcT_L_MM
16705,1715222827,9EQn8Xi0owM
16769,1715222815,PveT5hx2_C4
16897,1715135528,B02wOt3DD8o,QS6zL0Ic9IM
17169,1715050229,1YJWW_c7Wtw
17217,1715395350,
17233,1715135561,VojEQwwT_FU
17425,1714930276,
17473,1715222829,5MkuahIbEn0,q8kJoJBtLwA
17489,1715222860,c-AO-5YXDZc
17729,1715222830,Oy0YusZtcM0
17745,1715135514,cfmektO18jg
17793,1715050284,hIDplmhxX_A
17953,1715395329,BPgTLNqFf_U
17985,1715395351,KT877sSflOM
18001,1715135514,WcyDQFuao6o
18177,1715309411,nHaX19eAJTA
18209,1715309395,2l_FA_W91gY
18241,1715222830,ojBPY1EXPxA,dVgvBQ7kcEo
18257,1715395325,ELcWK-28SSI
18433,1715395339,UMsjKSrtqVw
18449,1715222838,VU5IvEOxpfw
18497,1715222831,Po5YleAHBws
18513,1715222861,QeMxGZPN3M0,YAIVxj0Px0E
18689,1715050245,
18753,1715222832,oYMDJxyAClM
18769,1715222862,DXOQbwOiEyk
18945,1715309416,y3-bsEXc7ms
18961,1715309439,sP7h5Z8NrIA
18977,1715135521,Y6nHDrXs6Mo,OkqiYQTtGRk
19009,1715395351,fx-xs2J3DQw
19025,1715222862,VtHOvxSG7A4
19217,1715135506,BRfyienzoTM
19233,1715309398,Q3d6xDT86nA
19265,1715395352,U_HKMtc_YzA
19281,1715135515,xDKgPPzPRjE,507Flv-G42U
19473,1714930246,
19489,1715309398,viqol0JHXJU
19521,1715135545,GvgOEp4tMgE,fDoiqJ4zt9k
19537,1715135516,gF3EVcSOMGQ,IWKtKEmNH3g
19713,1714930232,PzK1g_y5Gik
19729,1715395368,Ure8avpi0Jc
19745,1715309399,eFwJlZuDBWY
19777,1715222832,dUxBWUoS5qg
19793,1715135562,JmU-ZTJy_lQ
19969,1715135529,r9RBdh5AEsY,uuHxU2wU6RM
19985,1715222842,X-E5sP51I3Q,di4O9GWKbHw
20001,1715135567,gcOd6EoOv-Q
20033,1715135546,DHodtqaOUso,NuVoLKGBO2o
20049,1715222863,tTbWXIAV_aQ
20257,1715135521,6rPNdvc-WB4,oa1WkGPgQ40
20289,1715395353,
20305,1715222864,TykADHFsHY8
20481,1715309417,a4ALhHsG_8U
20497,1715222842,cTZEBJTN-FQ
20513,1715309400,r2cVpnn7Vso
20545,1714930238,c0W9zHFcOwg
20561,1715222864,RHXUmKdgRs4
20737,1715309417,9GjRR5OJrLc
20753,1715135552,T8j_6IlrJ7U
20769,1715309400,ZxhaU3qHq4w
20801,1715135546,SaorTKDrJLs
20817,1714877026,
20993,1715309418,3FLkilpxSt0
21009,1715222843,YSI9kHdog24
21025,1715395332,W896iukhyVo
21073,1714877026,E_QyoZDNg24
21249,1714930232,
21265,1715222844,1QkLEqBXvpw
21281,1714877034,xdAwnDV5spA
21329,1715222865,n2qCEQvwR3k,5nmfdUwyGXY
21505,1715395342,gx8ce0TTKNw
21521,1715222844,9BFfNxT10Qw
21585,1714877027,noYfsorGxaw
21761,1715309418,BtGAQbQGtc8
21777,1715135508,KOiOKoEk83w,3too2QLUsc8
21793,1715135522,UH5b_rVO4jM
21841,1715222866,KD-iw_dgS1M,l4c2yH3ZktU
22033,1715395369,
22049,1714877035,
22097,1714877027,
22273,1715135530,tYsXsjhpW80,_KprnMycZHE
22305,1715135568,i986KkZc8wk
22353,1714877028,
22529,1715309419,57a3ukCblc0,6nCNlI_0-KU
22545,1715222845,-Pn3_gf3-y8
22561,1715309401,fAP0YvDFjUI,6jTQoYbzAgw
22609,1715222866,421QELuOFCs
22785,1714930233,
22801,1715395370,4EDcAZBfuHQ
22817,1715135523,VjKoZQQjX34
22865,1715309389,GC4j1CZV65o
23041,1714930269,
23057,1715309443,wsX3PzzM-eo,FS6TcaVyX4I
23073,1715135569,NG5Co4l9AxI
23121,1715135563,OgMKAM3efUw,tBlYONjsfmQ
23297,1714930234,f6DXKxPGwl0
23313,1715135508,rn177tjHRCs,EKuMVx6tCwA
23329,1715309402,K5f4zlTXWvk
23377,1715309390,5knjosqhbbg,sGBVm-SmgRg
23553,1715050261,
23569,1714930247,1YJWW_c7Wtw
23585,1715395333,9M7f1L_VfYk
23633,1714930259,
23809,1715222802,JZGVWQQgPJE
23825,1715309443,wUlCBLczTYc
23841,1715395333,i8BmKxxOTh8
23889,1715135563,7zSQwrt3VuI
24065,1715395342,ft4QHOFTYN0
24081,1715395370,QemVU1P2AtY
24097,1714877035,V8pvKoflt0E
24321,1715135530,oCh0Th0BHMI
24337,1715222846,i6lKBm_8CAA
24577,1715135531,Q5JhtpXSqHY
24593,1715222846,ycX8rzpQLiU
24609,1715135523,17hdXBxjtzs,J8Zgg7db_WY
24849,1715395371,
24865,1715309402,uk1fPrEi1_U
25089,1715222803,0yryhHecGes,BITtTLjhado
25105,1715395372,hREO1dSLjDI
25345,1715309420,rLAKepUsKKw
25361,1715135553,0EHwHmwMCik,VULtzgW0WOY
25377,1715309403,S39GXdusNzU,Me_nGhkLYow
25601,1715395343,Im4Payrz8Eo
25617,1715222847,rNz6XS5Qd98
25633,1715309404,lL-DgdyTkkE
25857,1715135532,BzUku-utGc0,S7VePuaS9Mo
25873,1715222848,FPIqMHMuGd8
25889,1714877036,
26113,1715222804,OWQytj0-Z4A,B7DylMPh-hw
26129,1715395372,
26145,1714930264,M7T3alGP0q4
26369,1715309420,iGR2SdnuVR4
26401,1714930223,
26641,1715222848,OB94wuQN2DI
26657,1715309404,t9P_lPl1ev0
26881,1715309421,6fa_sYh2ve4
26897,1715222849,uPGUGloUJ5o
26913,1714930224,DU-JovVJVFA
27137,1715309422,
27153,1715309444,
27169,1714930225,
27409,1715135554,D10T9n9sI7A
27425,1715135569,b-c50gRYDPs,x0jFtsQGii8
27665,1715222850,YSI9kHdog24
27681,1714930226,qdoB5OBQW9U
27921,1715135554,_Txh_U-Yszs
27937,1715309405,erKmJWZx1Zw
28193,1715309406,wu-eP8G3X_c
28449,1715395334,UAzDiwWNdl0
28705,1715135524,IzfDjalk_HM,Q89up5V2WvU
51201,1714930267,
51457,1714930267,ZOtaHow7rNg
51473,1714930244,oo6Xtm0Juww
51489,1715050257,
51713,1714930268,
51729,1715050230,
51745,1714930263,sUogm-M73Gk
51809,1715050234,Ew_aaI-4ooI
51985,1715050231,
52065,1714930279,
52225,1715050241,
52241,1714930277,uZsGrAUhyA8
52257,1714930264,8eFjtwt2dbQ
52481,1714930288,
52497,1715050250,
52513,1715395330,yjTxFLrg9jE
52561,1715135561,4nV5PvwqMP0
52737,1715050242,mjBq1vbuMp0
52769,1715050239,
52993,1714930289,HvLlZ5qG34U
53025,1715309396,yjTxFLrg9jE
53249,1715309412,jLsG2Doj5TY
53505,1715050243,
53537,1715050258,
53585,1714930256,
53761,1714930269,
53841,1714877022,3d88EZqiRDQ
54097,1715395323,bvvYPHdAA_8
54273,1715050243,
54289,1715222838,2IrLibKJ9KU
54353,1714930257,
54529,1715050260,
54545,1714930244,ZxhaU3qHq4w
54785,1714930230,Cx-US_JhAKY
54801,1715050231,
54865,1715050254,
55057,1714930245,fZJMWsWeLxU
55073,1715050258,
55297,1715395339,TD5PiEjhnKs
55313,1715222839,uuUNXl55VlU
55889,1714877023,
56097,1714877033,
56577,1715050244,
56609,1715395330,NEKsAa-3DqY
57105,1715395367,
57361,1715395368,cTHYWtsir5o
57617,1715309440,iwDHfzUSYdE
58641,1715135507,8kxuHvAt0b8,ysITpeeou7Q
58881,1715309413,fG8ud_8a_4Y
59137,1715395340,
59649,1715395340,FvSsNkTIJgw
59665,1715050232,
59905,1715309413,y8h_w1rcFuo
60161,1715309414,g4AmkYy-0-4
60177,1715222840,P7b_ZZvBZx0
60417,1715309415,LLszmzhVp7A,FtpYz5I8bdg
60929,1715050245,
62737,1715222840,3P4ROv-KKiM
62977,1715309411,RTOPhJI-VA8
62993,1715309441,1adt-d_iSvc
63553,1715222826,e65IvFQ0xDU
63585,1715395374,TNJ48p_VjHU
63601,1715309450,z3EW3OocFWQ
63841,1714930248,
64001,1715395341,
64017,1715309441,I74cnGLm4yw
64065,1715222827,
64081,1715050270,
64257,1714930231,nXL3o4dVMsQ
64273,1715222841,uuUNXl55VlU
64337,1714877024,
64529,1715309442,aavnbJEaC0c
64561,1715222818,VqGvfOYtYGk
64593,1714930258,DegdjPksCGo
64769,1715309415,_wXFWZuSSss
64801,1715309396,obiQ5Ioslkw
64849,1714930282,
65329,1715309424,N-9QfY_o038
65377,1714930249,O4r1idTHV6Q